일시,1시 전력 사용량,2시 전력 사용량,3시 전력 사용량,4시 전력 사용량,5시 전력 사용량,6시 전력 사용량,7시 전력 사용량,8시 전력 사용량,9시 전력 사용량,10시 전력 사용량,11시 전력 사용량,12시 전력 사용량,13시 전력 사용량,14시 전력 사용량,15시 전력 사용량,16시 전력 사용량,17시 전력 사용량,18시 전력 사용량,19시 전력 사용량,20시 전력 사용량,21시 전력 사용량,22시 전력 사용량,23시 전력 사용량,24시 전력 사용량
2023-01-01,6481,6409,7086,7042,7136,7050,6333,2893,1080,880,838,817,790,784,786,784,806,803,819,805,804,803,800,797
2023-01-02,807,804,810,804,805,812,837,874,1157,1723,2931,3504,3896,4176,4474,5275,5576,6628,6945,6893,7253,7338,7248,7239
2023-01-03,7466,7418,7574,7623,7654,7421,7628,7783,7826,7572,7563,8024,8237,8139,7648,7549,6969,7790,8255,8462,8509,8376,8536,8262
2023-01-04,8281,8522,8376,8477,8490,8418,8437,8421,8285,8163,7853,8312,8085,7866,7511,7718,7980,8419,8402,8341,8499,8226,8333,8193
2023-01-05,8269,8527,8348,8429,8413,8469,8342,8442,8255,8109,7985,7898,8098,8384,7547,8302,7963,8381,8319,8231,8268,8175,8154,8314
2023-01-06,8135,7996,8339,8225,7888,7853,8128,7871,8135,8188,8186,8386,8331,7901,7748,7704,7345,8219,8205,8110,8406,8411,8459,8611
2023-01-07,7963,8094,8242,8525,8361,8247,8287,8295,7953,7425,7403,7969,8205,7914,7110,7105,7706,7613,7305,7832,8130,8230,7873,7280
2023-01-08,7860,8094,7984,8119,8278,8118,7916,7880,7896,8012,8265,8509,8426,8479,7887,7618,8144,7954,7695,8329,8447,8502,8313,8257
2023-01-09,8427,8203,8408,8265,8000,8278,7858,7888,6632,6353,5846,5683,5906,5849,5772,5356,5367,5476,5695,6012,5812,5872,5729,5672
2023-01-10,5747,5448,5733,5946,5808,5885,5759,5445,5298,5338,5330,5801,5922,5379,5518,5675,5737,5492,5499,5988,6077,6011,6216,6181
2023-01-11,5977,6217,6054,6037,6010,5984,6060,6004,5983,5846,5500,5662,6089,5338,5547,5919,5848,6242,6313,6258,6173,6237,5994,5934
2023-01-12,5996,6355,6227,6429,6362,6390,6293,5764,5775,5877,6153,5829,5971,6372,6444,6573,6472,6874,6689,6397,6532,6362,6443,6187
2023-01-13,6168,6327,6266,6384,6433,6384,6247,6183,6047,6223,6350,6519,6443,6329,6396,6336,6675,6421,6406,6473,6629,6834,6792,6726
2023-01-14,6871,7130,6761,7104,7078,6943,6847,6791,6714,6563,6729,6982,7020,6680,6280,6506,6687,7089,6818,6858,6680,6918,6184,6719
2023-01-15,6982,7000,7095,6937,7063,7105,6868,6873,6946,6818,6606,6938,6835,6762,6219,6600,6421,6443,6462,6523,6615,6672,6504,6500
2023-01-16,6552,6825,6607,6487,6709,6707,6218,6214,6540,6327,6155,6679,6321,6679,6803,6283,6707,6968,6975,6499,7236,7149,6784,7108
2023-01-17,7391,7587,7519,7216,7199,7136,7249,6971,6472,7054,7005,6964,7294,7823,7005,7272,7465,7861,7990,8140,8025,8178,8035,7843
2023-01-18,7568,7436,6987,7488,7772,7807,7881,7957,7806,7785,7461,8304,7940,7468,7250,6593,7415,8108,8218,8116,8069,8146,7783,7057
2023-01-19,7786,8050,7837,7870,8009,8090,7599,7747,7036,7240,7233,7789,8065,7847,7635,7433,7203,6940,7080,7363,7279,7195,7157,7300
2023-01-20,7333,7296,7743,7533,7584,7845,7410,6828,6698,6920,7071,7102,6836,6794,6304,6086,6662,7019,7356,7293,7242,6870,6707,7140
2023-01-21,7063,6819,6722,6433,6507,6483,5574,2676,975,832,792,744,734,724,741,740,741,761,775,772,772,768,782,780
2023-01-22,777,785,782,787,775,781,778,748,746,752,748,742,748,747,751,754,753,756,766,773,772,764,765,768
2023-01-23,765,765,768,767,763,769,762,755,746,750,750,749,739,746,758,753,754,752,759,769,770,765,766,769
2023-01-24,763,773,774,769,774,782,788,799,1069,2025,2884,2902,3051,3056,3213,3432,3830,4025,4164,4811,5095,4730,5041,5132
2023-01-25,4996,4922,4805,4827,4658,5101,4942,4980,5211,5350,5381,5040,4340,4225,4434,5407,5418,5455,5114,4562,4672,5248,5711,5474
2023-01-26,5128,5315,5344,5487,5472,5208,5494,5407,5662,5141,4927,4811,5522,5715,5341,5610,5677,5634,5546,5559,5480,5514,5405,4848
2023-01-27,5330,5375,5188,5034,5158,5207,5160,5224,5419,4912,4686,4680,5051,5377,5926,5922,5875,6025,5845,5454,5084,4948,4868,4988
2023-01-28,4998,5277,4989,5156,5027,4933,4988,4889,4705,4645,4945,5079,5181,5664,5822,5296,5070,5474,5417,5637,5314,5149,4929,4951
2023-01-29,4819,5103,5113,4925,4656,4494,5027,4960,5150,4731,5026,4826,4937,5301,5356,5227,5078,5079,5265,4723,5032,4677,4734,4471
2023-01-30,4474,4762,4581,4724,4626,4393,4721,4285,4663,4286,4393,4777,4664,4570,5333,5665,5553,5418,5383,5382,5478,5575,5578,5437
2023-01-31,5611,5905,5908,5708,5562,5770,5966,6191,6222,5641,5560,5886,6025,5883,5181,5945,6104,6223,6292,6276,6110,6358,6378,6023
2023-02-01,5883,6148,6366,6257,6108,6622,5835,6425,6539,6365,6580,6134,5978,6659,6468,5811,5977,6258,6513,6818,6546,6450,6300,6257
2023-02-02,6412,6344,6135,6144,6513,6298,6423,6119,6584,6466,6366,6326,6725,6675,6573,6552,5882,5934,6161,6672,6568,6353,6448,6320
2023-02-03,6570,6542,6562,6598,6400,6082,6552,6764,6756,6673,6365,6236,6162,6023,5496,5483,6002,6316,6401,6447,6368,6049,6031,6292
2023-02-04,6100,6194,6153,6097,5898,5615,6165,6158,6322,6197,6146,6191,6393,6522,5972,5692,5853,6350,6450,6283,5810,6061,6271,6142
2023-02-05,6242,6155,5989,5501,5535,5214,6132,6065,5960,5599,5513,5361,6065,6192,6562,6331,6561,6692,6324,6671,6369,6291,6561,6756
2023-02-06,6556,6489,6669,6981,6579,6207,6715,7461,6876,6188,6106,5968,5879,6462,6540,6741,6523,6397,6321,6666,6943,7292,7477,7247
2023-02-07,7540,7329,7573,7828,7747,7974,7720,7642,7479,7248,6706,6693,7526,7475,7248,6922,7022,7170,7395,7071,7377,6980,7126,7322
2023-02-08,7265,7143,7021,7262,6775,6640,6900,7113,7177,7306,6969,6970,7254,7178,6621,6817,6658,7054,7553,7446,7399,7737,7761,7459
2023-02-09,7212,7381,7655,7641,7418,7606,7416,7457,7185,7000,7444,7469,7899,7633,7160,6527,6156,7043,7237,7392,7607,7267,6889,7439
2023-02-10,7718,7596,7486,7435,7740,7682,7773,7331,7578,7422,7338,7464,7488,7344,7057,6667,7002,7587,7250,7494,7639,7349,7700,8028
2023-02-11,7850,7692,7377,7944,7650,7849,7940,7887,7621,7631,7451,7971,8142,7829,7407,7148,7558,7889,7816,7674,7264,7964,8134,7914
2023-02-12,7760,7846,7415,7392,7579,7489,7582,7434,7226,7247,7075,7040,7661,7638,7164,6769,6996,7584,7621,7390,7511,7725,7765,7474
2023-02-13,7566,7553,7598,7648,7729,7674,7775,7911,7551,7145,6901,7566,7795,7612,6732,7191,7645,8038,7626,7677,7243,7626,7609,7135
2023-02-14,7002,7502,7511,7498,7444,7827,7515,7796,7535,7163,7229,7653,7742,7836,7466,6811,6967,7864,8251,7535,7952,8141,8189,7660
2023-02-15,7843,8029,7439,7833,7688,7919,8195,7603,6949,6965,7251,6323,6588,7559,7274,6578,6197,7158,7857,7334,7778,8020,7990,7909
2023-02-16,7956,8086,7837,7772,7976,7919,7531,6939,7561,7480,7611,7609,7653,8010,7610,7615,7893,7791,7919,7986,8296,8256,8153,8371
2023-02-17,8411,8290,8440,8522,8418,8350,8512,8457,8343,8007,8127,8581,8332,7855,7697,7745,8350,8401,8311,8543,8381,8253,8595,8362
2023-02-18,8201,8556,8315,7706,8408,8384,8596,8019,7611,7609,7786,8334,8404,8062,7795,7659,8091,8537,8620,8201,8398,8707,8585,8430
2023-02-19,8223,8519,8296,8233,8507,8546,8617,8327,8079,8028,7979,8252,8158,8348,7851,7446,7892,8168,8440,8350,8287,7413,7941,8351
2023-02-20,7767,7133,7703,7473,7407,7996,8476,8369,8504,7691,7736,7672,7655,7100,7003,7704,7813,7548,7328,7452,7514,7564,7829,7654
2023-02-21,7287,7290,7537,7530,7200,7448,7640,7815,6978,6804,6798,7477,7574,7301,7494,7440,7003,7344,7299,7595,7315,6892,7191,7339
2023-02-22,7468,7429,7271,7569,7395,7420,7781,7540,7642,6916,6263,5896,6371,6797,7089,7170,7283,7299,7454,7613,7944,7837,8161,8004
2023-02-23,8100,8085,8116,8065,8317,8198,8287,7553,7098,7123,7300,7025,7581,7764,7172,7624,7573,7197,7983,7931,7720,8055,8057,8050
2023-02-24,8075,8087,7976,7644,7824,7841,8068,8161,7194,6668,7028,7255,7518,7447,7392,7064,6958,6916,7420,7392,7096,7693,7502,7520
2023-02-25,7253,7602,7644,7588,6813,7585,7679,7726,7440,7071,7187,7447,7378,7131,7044,7214,7282,7608,7823,7466,7689,7643,7389,7290
2023-02-26,7488,7452,7600,7241,7225,7494,7211,7163,7103,6625,6576,7255,7023,6716,6326,6775,7173,7359,7240,7188,7119,7499,7312,7145
2023-02-27,7276,7284,7297,7159,7287,7048,7208,7594,7321,6984,7479,7997,8041,7932,7712,7270,7787,7935,7471,7225,7746,8208,8081,7918
2023-02-28,8206,8187,7894,7647,7189,7333,7314,7260,7767,7664,7664,8048,8287,8104,7417,7804,8120,8311,8070,8116,8447,8329,8345,8210
2023-03-01,7986,7281,7631,8257,8428,8346,8494,8140,8077,7342,7493,8431,7875,8336,7831,8043,8349,8158,8334,8107,8464,8418,8083,7960
2023-03-02,8195,8388,8435,8227,8277,8407,8328,8187,8005,7921,7698,8272,8098,8047,7803,7391,7808,8426,8432,7877,8250,8585,8357,8077
2023-03-03,7948,7777,7880,7847,8267,7987,8317,8284,8250,8012,8093,7722,8380,8066,7567,7291,7559,8343,8199,8324,7980,7872,8264,8292
2023-03-04,8372,7932,8376,8473,8433,8366,8300,8130,7791,7886,7795,7988,8369,8088,7685,7328,7737,8326,8499,8162,8186,8074,8211,8191
2023-03-05,8196,8426,8287,8292,8032,8354,8144,8012,7806,7703,6828,7557,8015,8321,7633,7996,8307,8040,8132,7985,7956,8105,8371,7861
2023-03-06,7820,7891,7871,7889,7615,7854,7878,7844,7601,7706,6962,7369,7927,7788,7498,7426,7665,7760,7807,7768,7416,7793,7896,8040
2023-03-07,7711,7800,7646,8126,7814,7473,7246,7775,7934,7506,7683,8287,8114,7759,6944,7072,7947,8105,8190,7879,8100,8124,8345,8157
2023-03-08,7901,8171,8222,8221,7995,8178,8365,8376,7665,7440,7340,8059,8261,8201,7874,7455,7369,7812,8090,8030,7700,7978,8018,7930
2023-03-09,7912,7869,7673,7795,7464,7922,8009,7634,7171,6923,6715,7189,7666,7099,6985,7056,6778,8036,8052,7777,7606,7875,8098,7768
2023-03-10,7760,8003,7587,7491,7831,7969,7763,7687,7543,7206,7326,7685,7864,7602,7078,7173,7647,7655,7813,8076,7957,7864,7925,8181
2023-03-11,8184,8125,8298,7591,7710,8050,8204,7830,7574,7355,7447,8021,7830,7201,7349,7452,7571,7722,7895,8115,7961,8054,8039,8100
2023-03-12,8151,8108,7890,8170,8078,8107,8094,8104,7591,7560,7361,7897,7117,7310,7529,7634,8077,8166,8009,7763,7572,7839,7493,7427
2023-03-13,7840,8137,8059,8253,7815,8218,7785,8085,7980,7413,7452,7641,7631,6553,7276,7171,7670,8072,8023,7981,8024,8210,8037,7871
2023-03-14,8172,8098,8062,8012,7714,8094,8350,8365,8119,8077,7793,7690,7642,7691,7768,8368,8170,8288,8196,8490,8240,8454,8310,8214
2023-03-15,8221,8507,8575,8400,8303,8168,8652,8544,8133,7814,7674,7746,7888,8004,7746,7526,7739,8081,8286,8021,7986,7721,7929,8073
2023-03-16,8322,8132,7839,7675,7780,7782,7869,7799,7726,6847,6348,6413,6665,7060,7240,7204,7091,7101,6933,7556,7509,7385,7130,7655
2023-03-17,7587,6924,7396,7932,7658,7785,8118,7710,7458,7714,7743,7690,8040,7752,7309,7354,7547,7908,7985,8029,8032,8224,8039,7916
2023-03-18,7692,7125,7185,7834,7637,7612,7667,7898,7542,7209,7048,7158,7074,6855,6565,6484,6818,6874,6743,6412,6446,6943,7280,7294
2023-03-19,7469,7632,7634,7180,7345,7476,7524,7669,7256,6429,6874,6114,6618,6770,6500,6965,7112,7141,6921,6834,7023,6765,6900,6832
2023-03-20,6745,6484,6970,6879,6596,7065,6786,7341,7376,6994,7099,7798,7741,7381,7035,6883,7539,7894,7544,7451,7322,7422,7362,7361
2023-03-21,7580,7461,7549,7263,7307,7548,7137,6886,6978,6879,6754,7391,7483,6689,6930,6889,7390,7223,7196,7228,7382,7578,7433,7342
2023-03-22,7394,7291,7330,7446,7288,7607,7433,7383,6861,7121,7337,7409,7638,7038,6869,6796,6954,7120,7243,7252,7307,7664,7437,6957
2023-03-23,6838,6929,7370,6928,7254,7511,7784,7569,7343,6830,6417,6027,6205,6649,6410,6726,6512,6835,6664,6829,6453,7266,7776,7365
2023-03-24,7800,8122,7986,7980,7889,7880,8307,8251,6982,7304,7761,7879,7958,7292,7435,7966,8332,8402,8347,8461,8271,8293,7674,8240
2023-03-25,8328,8389,8017,7933,8119,8260,8391,8274,8154,8008,7695,8358,8556,8112,7980,7729,8068,8175,8566,8547,8344,8640,8642,8413
2023-03-26,8498,8410,8524,8334,8304,8318,8508,8268,8137,7900,7350,8198,8019,7879,7503,7752,7783,8115,8305,8250,8268,8124,8282,8251
2023-03-27,8580,8456,8323,8534,8145,8351,8150,8429,8054,7879,7672,8292,8156,8195,7477,7619,7660,7980,8237,8452,8292,8040,8391,8650
2023-03-28,8241,7842,8226,8378,8404,8345,8590,8193,7681,7822,7448,7168,7145,7878,8312,8458,8078,7800,8122,8046,8108,7960,7772,7776
2023-03-29,8331,8239,8390,8358,8513,8266,8420,8020,7964,7238,6951,6715,7014,7196,7449,7226,7280,7717,7767,7646,7369,7544,7672,7887
2023-03-30,8059,8136,8108,7942,8035,7880,8113,7783,7412,7814,8101,8304,8080,7740,7449,7464,7496,7909,7672,7872,7477,7554,7839,7863
2023-03-31,7880,7800,7623,8022,7763,7937,7745,7785,7763,7329,6894,7179,7240,6774,6186,5814,5987,6958,6932,7238,7135,7173,7154,6903
2023-04-01,7158,7501,7435,7321,7272,7054,7509,7476,6928,6235,6669,6444,7486,7533,7398,7301,7729,7583,7753,7710,7706,7678,7738,7947
2023-04-02,7478,7694,7468,7741,7580,7415,7744,7853,7610,7275,6684,7933,7872,7716,6979,6984,7493,7565,7530,7836,7850,7746,7933,6761
2023-04-03,7813,7718,7539,6958,7224,7162,5822,3093,730,547,512,514,557,554,556,538,540,529,530,534,545,537,542,539
2023-04-04,544,543,552,546,549,552,587,596,829,2089,3080,3335,3547,4081,4368,4865,5724,6389,6234,6516,6798,7116,7221,6854
2023-04-05,6841,7336,7349,7380,7216,7216,7300,7602,7422,7429,7699,7666,7950,7631,7473,7518,7858,8220,8042,7753,8058,8038,8089,7926
2023-04-06,8102,8119,7746,7740,7812,7929,8131,7969,7722,7715,7526,7877,7829,7634,7377,6793,7174,7501,7800,7808,7722,7432,7627,7339
2023-04-07,7621,7683,7621,7586,7281,7483,7564,7444,7356,7171,7082,7337,7740,7345,6965,7135,6852,7651,7984,7555,7632,8036,8017,7751
2023-04-08,7863,7445,7582,7588,7509,7579,7679,7582,7203,7192,7333,7601,7377,7070,6917,6702,6632,7525,7581,7349,7464,7430,7683,7191
2023-04-09,7469,7655,7681,7302,7555,7423,7472,7334,7329,6803,6790,7178,7340,7192,6946,6362,7303,7654,7528,7801,7677,7560,7755,7445
2023-04-10,7253,7620,7455,7218,7483,7693,7626,7719,7228,7151,7331,7744,7507,7826,7899,7452,7120,7277,7377,7451,7562,7705,8016,7932
2023-04-11,7923,7354,7398,7659,7808,7903,7976,7468,6986,7262,7384,7477,7877,7979,7732,7431,7134,7536,7453,7696,7779,7923,7628,7567
2023-04-12,7452,7412,7523,7574,7522,7958,7532,7734,7701,7196,6822,8060,7886,7860,7348,7205,6562,7750,8118,8021,7824,7966,8048,7867
2023-04-13,7849,7939,8169,8030,7365,7976,7986,8145,7577,7524,7877,8031,7957,7704,7345,7265,7404,8069,8249,7769,7123,7851,8040,7904
2023-04-14,7934,7876,7819,7412,7508,7980,7822,8120,8007,7593,7587,8057,8001,7478,7625,7212,7314,7272,7971,8200,8201,8124,8219,8021
2023-04-15,7664,8017,8106,7983,8038,8204,8266,8279,8048,7158,7751,8090,8465,7725,7906,7836,7955,8308,8376,8253,8267,8385,8056,8333
2023-04-16,8145,8273,8269,8120,7853,8333,8309,7853,7610,7547,7626,7677,8417,8227,7848,7493,8044,8405,8163,7796,7920,8356,8542,8496
2023-04-17,8265,7768,8337,8335,8006,7878,7806,7613,7752,7771,7291,7464,7670,7565,7596,7660,7886,8069,8159,7788,7627,7640,7954,7831
2023-04-18,7786,7911,7530,7841,7979,8169,8113,7818,7361,6150,5638,5557,5062,5916,5719,6205,6070,6208,6134,6434,6556,6828,7146,7514
2023-04-19,7299,7137,7449,7385,7209,7399,7642,7273,6509,5993,5862,5754,5975,6549,6772,6126,6303,6263,6278,6653,6640,6568,6716,7020
2023-04-20,6993,6620,6713,6981,7182,7344,7331,7023,6281,6334,6937,7441,7434,7566,7078,7104,7407,7659,7679,7356,7521,8034,7991,7623
2023-04-21,7945,7876,7458,7753,7115,7735,8039,8001,7790,7359,7589,7698,8004,7749,7244,7066,6934,6989,7734,7770,7958,8190,7885,7924
2023-04-22,7949,7698,7760,7847,8002,7796,7787,7983,7379,6851,7164,7631,7443,7237,6932,6183,7530,7518,7600,7830,7782,7468,7336,7515
2023-04-23,7575,7569,7120,7256,7290,7090,7498,7657,7456,7120,7059,7506,7623,7177,6966,6743,7110,7104,7693,7790,7928,7662,7511,7772
2023-04-24,7350,7330,7254,7670,7777,7544,7599,7747,7516,6962,6982,7567,7970,7527,7487,7293,7520,7837,8082,7882,8015,8128,7922,7671
2023-04-25,8130,8098,7979,8143,8112,7961,7763,7767,7336,7139,7458,7780,7835,7379,7397,7429,7797,7823,7958,7977,8018,7747,8188,8038
2023-04-26,8153,7851,8048,8107,8123,8167,8207,7989,6956,6988,7653,8242,8396,8195,7860,7666,7853,8102,7897,8046,8046,8070,8057,8189
2023-04-27,8069,8145,8109,8212,7633,7970,8166,8188,7597,7558,7699,7933,7734,7054,7680,7133,7212,7907,7904,8096,8165,8059,8300,8057
2023-04-28,8442,8355,8170,8302,7803,8089,8445,8300,7536,7047,7256,6874,6838,7060,7289,7497,7281,7511,7341,7490,7835,7921,8088,7871
2023-04-29,8083,8347,8587,7966,8216,8324,8324,8001,7531,7659,7554,7432,7995,7834,7639,7872,8243,8329,8204,8140,8109,7976,8056,7625
2023-04-30,8000,7962,8140,8094,8003,8075,8203,8000,7603,7554,7699,8284,8226,7862,7122,7024,7133,7850,7800,7644,7885,7608,7813,7221
2023-05-01,7589,7456,7643,6417,5849,6419,6442,3862,712,473,429,396,389,398,397,412,390,385,412,407,420,415,420,416
2023-05-02,417,416,414,418,423,417,447,442,544,1595,2115,1741,2526,3157,3623,4434,4643,3737,5018,6109,6300,6397,6410,6261
2023-05-03,6919,7034,6978,7269,6552,6984,6900,7256,6544,6830,6539,6963,6911,7298,6988,7043,6816,6896,7203,7389,7466,7538,7382,7126
2023-05-04,7395,7401,7109,7443,7285,7075,7336,7567,7424,6866,6913,7272,7498,7585,7098,6968,6921,7665,7720,7656,7525,7507,7557,7439
2023-05-05,7667,7671,7443,7210,7283,6430,5786,4006,977,444,358,366,414,408,418,424,406,405,390,385,391,388,386,383
2023-05-06,378,374,372,379,375,368,373,368,470,2118,3358,3696,4124,4401,5367,6322,6506,7042,7255,7294,7325,7561,7332,7541
2023-05-07,7546,7423,7450,7427,7513,7267,7486,7300,7243,6724,6791,7865,7867,7185,6899,7037,7747,8100,7884,7890,7667,8157,7866,7471
2023-05-08,8075,7958,8146,8227,8008,8072,7880,7918,7964,7878,7733,8233,8227,7478,6967,7073,7669,7746,8321,8165,8214,8123,8135,7768
2023-05-09,8366,8077,8294,8269,8372,8251,8125,8034,7956,8075,8056,8205,8426,8212,7747,8265,7697,8213,7940,8081,8261,8381,8675,8468
2023-05-10,8477,8321,8377,8313,8211,7966,7984,7755,7548,7112,6554,6845,7333,7657,7311,7346,7196,7358,7383,7481,7894,8226,8238,8222
2023-05-11,8395,8249,8328,8405,8407,8083,8069,8156,8090,7578,7244,7651,8400,8032,7773,7900,7755,8171,8402,7802,8313,8502,8224,8023
2023-05-12,8160,8052,8066,8215,8196,8057,8439,8408,8093,8083,8005,8494,8857,8487,7850,7834,7924,7835,8642,8342,8469,8643,8484,8339
2023-05-13,8640,8752,8272,8462,8507,8270,8130,8161,8367,8018,7824,8445,8777,8028,7587,7429,7928,8619,8416,8539,8337,8455,8451,8510
2023-05-14,8424,8481,8094,8358,8238,8028,7757,7643,7675,7158,7515,8105,8190,7946,8232,7763,8099,7960,7964,8168,8254,8133,8162,8084
2023-05-15,8175,8002,7744,7736,8012,8034,8223,8224,7588,7252,7487,7970,8030,8000,7488,7324,7753,8391,8262,7846,7367,7681,7323,7122
2023-05-16,7282,7218,7330,7323,7682,7527,7872,8126,7884,7870,7779,7936,7745,8102,7572,6893,7320,8245,8193,8188,8025,7998,7607,7233
2023-05-17,7026,7339,7460,7862,7872,7726,7570,7583,7572,7486,7806,7833,7706,7420,7556,7680,7920,8226,8184,7914,7957,7820,7894,7731
2023-05-18,7716,7572,7758,7607,7726,7612,7361,7327,7394,7168,7595,8218,8183,7914,7082,6993,7626,7931,7572,8119,7825,7598,8022,8210
2023-05-19,8061,8191,7978,7904,8231,7950,8007,7932,7749,7260,7471,8001,8216,8024,7624,7550,7861,8237,8101,8104,8114,7987,7896,7881
2023-05-20,8252,8131,8256,8062,7990,8083,8142,7900,7954,7867,7674,7837,8299,7991,7702,7988,7865,8214,7913,7340,7885,8176,8273,7795
2023-05-21,8102,8115,7945,8064,8130,8077,8159,7920,7870,7683,7303,7366,7860,7345,7128,7186,7389,7578,7799,7530,7879,7982,7854,7772
2023-05-22,7867,7838,7992,7419,7714,7883,7676,7541,7277,7320,7244,7153,6910,7289,7500,6934,6980,7321,7686,7931,8095,8130,8308,8264
2023-05-23,8166,8093,7921,7989,7671,7909,8017,8267,7784,7879,8421,8532,8417,8284,7651,7377,7965,8452,8340,8434,8398,8217,8069,7976
2023-05-24,8370,7984,7930,8230,8253,8074,7036,7439,7381,7168,7010,7007,7266,7567,7568,7940,8154,7692,7917,7719,7075,7274,7067,7128
2023-05-25,7403,7327,7626,7289,7552,7498,7267,6872,6955,6715,7160,7094,6880,7609,7673,7266,7412,7599,7864,7530,7551,7281,7718,7448
2023-05-26,7674,7699,7745,7426,7549,7405,7512,7548,7264,6509,6612,7349,7561,7569,7456,7257,7165,7784,7348,7906,7685,7120,7618,7625
2023-05-27,7424,7287,6798,6783,7292,7773,7527,7664,7264,7688,7364,7497,7881,7083,6972,7142,7603,7785,7257,7758,7971,7716,7704,7838
2023-05-28,7292,7345,7659,7626,7538,7328,7259,6982,7039,6625,6828,7301,6962,7089,6658,7233,7093,7356,7778,7525,7358,7436,7886,7475
2023-05-29,7263,7850,7455,7766,7424,7034,6690,4818,1489,518,494,507,512,524,524,560,658,675,624,617,618,587,546,499
2023-05-30,502,496,498,492,493,495,524,519,1277,3424,3817,4113,4373,4736,5620,6349,6195,5882,6493,6602,7007,6911,6968,6919
2023-05-31,7015,6983,7470,7571,7201,7302,7435,7185,6845,6466,6064,6487,6873,6920,6486,6500,6289,6582,6382,6578,6909,6946,7127,7252
2023-06-01,7447,7406,7424,7528,7623,7259,7416,6921,6735,6492,6303,6462,6572,6967,6958,6704,6879,6900,6515,6904,7026,6914,6609,5905
2023-06-02,6318,6138,6225,6215,6732,6717,6694,6582,6421,6518,6916,6934,7303,6654,6134,6724,6955,7013,6486,6811,7309,7513,7448,7585
2023-06-03,7728,7173,7437,7308,7673,7724,7799,7741,6881,5841,5890,5839,6009,5864,6073,6191,7094,7331,7739,7970,7902,8162,7946,7610
2023-06-04,7884,7674,7367,7717,8038,8172,7966,7990,7647,7165,7116,7192,6760,6619,7072,7210,7482,7515,7911,7849,8066,7849,7374,8112
2023-06-05,8030,8021,7915,7967,8086,8307,8272,8370,7823,7740,7662,7954,7811,7843,7689,8025,8415,8381,8461,8557,8483,8532,8525,8364
2023-06-06,8644,8612,8656,8259,8457,8474,8261,8540,7910,7561,7928,8338,8003,7849,7516,7185,7656,8195,7631,7604,7683,7983,8163,7605
2023-06-07,7616,7982,8294,8090,8199,7870,7966,8019,7781,7690,7576,7177,7473,7381,7320,7414,8134,7989,8163,8192,8062,7753,7999,7956
2023-06-08,7893,7567,8099,7960,7945,7831,7634,7693,7958,7444,7605,8175,7955,7737,7214,6835,6948,7219,7146,7704,7682,8016,7815,7874
2023-06-09,8260,8084,7617,7537,7542,7501,7683,7761,7237,7296,7412,8346,8284,7705,7148,6564,7099,7801,7907,7978,8006,7759,7404,7090
2023-06-10,7318,6723,6722,7097,7556,7533,7466,7530,7309,7015,7213,7625,7812,7774,7415,7468,7732,7982,7741,7813,8323,8037,7984,7616
2023-06-11,7964,8106,8276,8149,8359,8156,8279,8162,8135,7821,7899,7791,8420,7928,7370,7399,8044,8328,7970,8427,8595,8565,8426,8026
2023-06-12,8122,7536,7681,8422,8082,8051,8404,8268,7954,8035,8544,8571,8585,8346,7927,7692,7683,7796,7839,8301,8308,8244,7908,8118
2023-06-13,7934,8229,8318,8339,8079,8146,8218,8113,7398,7344,7861,8264,8391,8012,7731,7834,7549,7362,7344,7334,7595,8038,7867,7752
2023-06-14,7895,7806,7793,7733,7824,7989,7881,7797,6859,7149,7454,7656,7636,7532,7631,8038,8456,8179,7787,7898,7803,7750,6737,7140
2023-06-15,7214,6928,7521,7611,7470,7460,7517,7541,7710,7419,7255,7773,7886,7177,6907,7151,6858,7387,7572,6302,6714,6614,6155,5724
2023-06-16,7537,7814,7292,6479,6936,6808,6657,6757,6854,6975,7391,7222,7551,7105,6619,6262,6797,7479,7543,7196,7586,7793,7824,7272
2023-06-17,7265,6963,7657,7592,7753,7312,7612,7382,7377,7035,7006,7775,8072,7149,7290,7451,7588,7902,8056,8099,8154,7873,7913,7589
2023-06-18,7519,7704,7750,7925,7950,7903,7698,7549,7563,7092,7172,7584,7462,7694,7308,6958,6896,7601,8077,7878,8048,7878,7918,7491
2023-06-19,7482,7435,7770,7712,7838,7832,7679,7576,7532,7242,6256,5715,5895,6347,6976,7112,6956,7088,7279,6824,7222,7200,7556,7221
2023-06-20,7232,7428,7307,7110,7530,7611,7862,7111,7317,7672,7523,7928,8142,8271,8049,7254,7629,7822,8382,8639,8266,7911,7524,8142
2023-06-21,8553,8539,8663,8534,8395,8152,8440,8539,8253,8342,8139,8862,8698,8378,8164,7528,7777,8488,8538,8754,8905,8801,8880,8525
2023-06-22,8297,8239,8640,8852,8494,8751,8694,8393,8507,8125,8203,8856,9100,8314,8501,7812,8636,8722,8968,8665,8625,8481,8564,8289
2023-06-23,8603,8696,8680,8529,8611,8665,8554,8305,8104,8037,7723,8489,8818,8498,8016,7881,7769,8412,8687,8670,8663,8400,8696,8687
2023-06-24,8693,8684,8912,8756,8729,8698,8654,8729,8196,7909,8233,8625,8955,8652,8188,8043,8163,8792,9024,8985,8838,8846,8820,8533
2023-06-25,8613,8785,8471,8457,8609,8436,8593,8019,7830,7750,7618,7885,8290,8082,7760,7718,7833,8147,8402,8189,8380,8501,8444,7644
2023-06-26,8124,8582,8755,8287,8763,8428,8637,8416,8095,7942,8174,8578,8948,8452,8190,7783,8264,8550,8771,8379,8309,8542,8351,8213
2023-06-27,8472,8629,8708,8352,8728,7970,8187,8219,8121,7984,7710,8135,8221,8083,7881,7395,7800,8044,8108,7414,8110,8248,8247,8107
2023-06-28,8117,8239,8173,8372,8204,8182,8286,8183,8281,7750,7902,7688,7912,7953,7911,8173,8267,8437,8645,8364,8298,7844,7296,7912
2023-06-29,8068,8221,8183,8017,7834,8083,8165,7938,8087,8402,8284,8245,7971,8052,7794,7610,7997,8442,8334,8139,8559,8410,8078,7920
2023-06-30,8285,8249,8581,8722,8590,8643,8414,8018,7381,7182,7278,7544,7678,7915,7924,8102,7860,8274,7876,7746,7906,8034,8191,8244
2023-07-01,8056,8451,8549,8575,8796,8648,8570,8525,8136,7691,8104,8612,8248,8012,7966,7865,8025,8592,8264,8203,8675,8502,8602,8481
2023-07-02,8698,8385,8284,8526,8525,8485,8443,8435,7965,7805,7587,8150,8380,8023,7537,7280,7820,8348,8220,7800,7997,8171,8117,7914
2023-07-03,7825,7824,7055,7032,7000,7642,7831,8107,7866,7781,7798,8432,8306,8077,7254,7365,8046,8057,7886,7811,7964,8054,8020,7807
2023-07-04,7875,7919,7779,7663,7764,7891,7682,8024,7817,7520,7406,7877,8452,7968,8275,8184,8337,8974,8878,8789,8900,8758,8480,8222
2023-07-05,8501,8795,8704,8240,8086,8514,8480,8546,7974,8327,8345,8101,8277,8542,8524,8470,8849,8840,8868,8602,8496,8535,8531,8264
2023-07-06,8663,8250,8376,8366,8316,8769,8652,8688,8481,7780,8041,8609,8943,8612,8490,8084,7996,8945,9118,9061,8776,9061,8330,8922
2023-07-07,8935,8966,9060,9007,9146,9113,8980,8992,8931,8631,8612,8880,8807,9096,8434,8505,8575,8660,9025,8959,9252,9322,9245,9094
2023-07-08,9169,9041,9086,9037,9011,9091,9126,9035,8994,8530,8249,8505,8782,8385,8204,8101,8129,8718,8794,8575,8719,7652,8036,8427
2023-07-09,8499,8601,8245,7686,7542,8094,8544,8712,8575,8159,8229,8632,8856,8613,8374,8733,8841,8896,8852,8680,8446,8433,8494,8286
2023-07-10,8250,8040,8212,8397,7893,8164,8145,8273,7647,7128,7287,7836,8028,8133,7424,7609,7828,7677,7436,7586,7768,7099,7229,7402
2023-07-11,7291,7128,6984,7171,6675,6833,7344,7709,8035,8197,8322,8551,8625,8444,8062,8260,8287,8594,8353,8017,7774,8093,8333,7634
2023-07-12,7720,8232,8016,8161,8086,7934,7863,7660,7909,8013,7918,8419,8891,8428,7959,7412,7242,7382,8106,8266,8196,8057,7856,7913
2023-07-13,8173,8078,8110,8102,8035,8474,8066,8079,7579,7559,7088,7134,7644,8241,7813,7490,7589,7794,7882,7835,7832,8074,8205,7711
2023-07-14,7458,7728,7850,7963,7824,7715,8057,7848,6779,6389,6162,5731,5724,6132,6404,6177,6315,6411,6861,7298,7585,7257,7808,7844
2023-07-15,8072,7913,7978,8050,7903,8089,7903,7824,7447,7453,7471,7384,7965,7771,7264,7068,7945,8024,7962,7615,7442,7264,7758,8147
2023-07-16,8105,7631,8139,8130,8315,7777,7568,7683,7581,7048,7162,7571,8157,7795,7829,7643,7656,8234,8033,8193,8088,8045,7739,7638
2023-07-17,7942,8039,8153,7969,7931,7815,7679,7973,7959,7742,7759,8096,7996,7725,7501,7437,7792,7736,8052,8033,7856,8015,8290,8446
2023-07-18,8073,8299,8346,8070,7876,7901,7722,7885,7194,6658,6367,6716,6659,6779,6930,7031,6715,6584,6811,6758,7013,7094,6952,7171
2023-07-19,7174,7151,7091,7247,7501,8172,7902,8358,8128,7723,8008,8145,8624,8039,8202,8241,8044,8652,8216,8183,8067,7908,8027,8178
2023-07-20,7652,7666,7214,7579,7743,7621,8109,8231,6726,6934,6479,6594,6824,7916,8172,8025,7444,6763,7374,7660,7376,7301,7494,7323
2023-07-21,7054,7228,7049,6787,6662,6154,6551,6696,6994,7482,7346,6984,7312,7708,7035,7563,7377,7557,7468,7761,7729,7980,7459,7947
2023-07-22,8010,7986,8206,8300,7589,7920,7926,7784,7709,7404,7802,8532,8475,8507,7751,7716,8031,8823,8803,8814,8670,8892,8829,8991
2023-07-23,9088,8827,9304,9009,8858,8900,8226,8141,7737,8112,8725,8974,8707,8663,8560,8704,8467,8630,8785,8771,9006,8995,9027,9030
2023-07-24,9256,8806,9078,8840,8770,8281,8418,7680,7085,8217,8478,8589,8365,8269,8230,7290,7397,7561,8399,8510,8373,8014,7713,8480
2023-07-25,8116,8185,8368,8259,8091,8013,8040,8083,7835,7962,7876,8502,8200,7942,6978,7357,7850,8057,8187,6654,7576,7989,7664,7838
2023-07-26,8116,8026,7871,7190,7130,7082,7059,6944,6509,6557,6824,6761,6684,7194,7537,7786,7657,7848,7842,7827,7632,7885,7882,8038
2023-07-27,7384,7743,7852,7938,7583,7626,7807,7747,6846,7934,7369,7662,7964,7942,7005,6845,7304,8366,8263,7887,8345,8299,7828,8259
2023-07-28,8368,7979,7875,8430,7962,7868,7675,7301,7375,7667,8007,8092,8237,8156,8091,7023,7392,8135,7974,7924,8206,8194,8379,8079
2023-07-29,8484,8499,8602,8365,7765,7761,7340,7161,7378,7428,7729,8286,8738,8588,8255,8089,8241,8489,8366,8349,8779,8738,8310,8391
2023-07-30,8866,8694,8720,8485,8443,7981,8109,8067,7757,8397,8542,8625,8494,7847,7301,7666,8569,8540,7943,8198,8161,8244,8140,8307
2023-07-31,8315,8741,8785,8523,7792,8403,8154,7750,7304,8214,8172,8516,8990,8891,8324,7688,7714,8659,8417,8360,8311,8351,8464,7975
2023-08-01,7855,8368,8286,8364,8014,7664,7779,7398,7072,7685,7394,8135,8066,8407,8528,8634,8491,8509,8174,7284,7269,7422,7494,7043
2023-08-02,7337,7619,7248,7463,7412,7638,6981,6772,6431,7230,7249,8316,8226,8117,8075,8449,8300,8231,7424,7501,7986,8145,8209,8559
2023-08-03,7836,8547,7933,8458,8440,8589,8274,7894,7640,8010,7935,8169,8752,8493,8026,7510,7287,7741,8133,8202,8453,8458,8303,8468
2023-08-04,8229,8581,8349,8263,8338,8349,8238,7789,7158,7983,7620,7983,7583,7633,7390,7006,7039,7119,7769,7927,8003,7699,7799,7945
2023-08-05,8277,8228,8261,7651,7691,8172,7866,7446,7227,7851,7303,7629,7765,7582,7488,7363,7272,7974,8121,7837,8032,8154,8136,7988
2023-08-06,7928,8151,8254,7866,8032,8114,7203,7161,6993,7431,8027,8595,8401,8140,7333,6942,7555,7927,8251,8230,8356,8135,8356,8000
2023-08-07,8193,8232,7758,7909,8040,8328,7247,6645,6728,7246,7022,6859,7067,7312,7338,7160,8056,8174,8089,7310,8073,8126,7918,7370
2023-08-08,7831,7875,7743,7002,7001,6921,6858,6500,5880,5473,5541,5763,6514,6601,6606,6707,6522,6657,6749,6595,6615,6846,7079,7116
2023-08-09,7532,7180,7791,7831,7749,7627,7844,7443,7031,7464,7349,7546,7183,7071,7455,6829,7434,7405,6030,2718,1252,530,501,490
2023-08-10,491,492,487,481,482,476,469,485,831,2662,3483,3814,3976,5246,5516,5268,6581,6295,6753,6698,7077,6794,6733,7016
2023-08-11,6822,7102,7105,6640,7242,7388,7691,7524,7207,6219,6336,6788,7043,7316,7491,7343,7307,7362,7099,7162,7554,7470,7826,7168
2023-08-12,7531,8059,7659,7833,7968,8104,7984,7696,7597,7735,7366,7719,7959,7833,7620,7362,7262,7540,8220,8386,8570,8405,8411,8161
2023-08-13,8234,7984,7991,8120,7891,7396,7057,7322,7480,7558,7599,8207,8272,7666,7564,7464,7893,8038,8378,8348,8342,7934,7392,7811
2023-08-14,8295,8150,8169,7837,7964,7719,8047,8301,7885,7341,7695,8149,7999,8067,7878,7661,7736,8016,7733,8613,8765,8706,8441,8079
2023-08-15,8176,8478,7819,7473,7875,7767,6239,4584,1319,344,291,239,224,400,396,403,346,361,387,408,417,401,386,388
2023-08-16,390,383,383,376,385,386,399,434,675,2636,3920,4142,4110,4531,5449,5833,6285,6860,6580,7159,6658,7447,7674,7649
2023-08-17,7051,7996,8663,8405,8466,8098,8379,8532,8125,7999,8215,8489,8788,8403,7663,7180,7283,7834,8276,8046,7871,8338,8481,8182
2023-08-18,8255,8419,8539,8368,8392,8413,8388,8790,8652,8228,8168,8205,8820,8172,8352,8314,8854,8936,9198,8904,8741,9009,9169,9093
2023-08-19,9170,9210,8480,8808,8920,9149,8776,8870,8732,8825,8297,9028,9091,8335,8269,7846,8045,8518,8768,8690,8789,8430,8523,8384
2023-08-20,8319,8239,8185,8227,7769,8241,8366,8332,8339,7868,8255,8440,8271,8504,8224,8362,8440,8572,8927,8507,8735,8298,8673,8654
2023-08-21,8418,8623,8784,8688,8284,8364,8559,8931,8433,8311,8285,9023,9011,9010,8146,7375,7854,7932,8338,8538,8252,7620,8499,8266
2023-08-22,8234,8234,7809,8086,8278,8369,8249,8636,8220,7542,7873,7790,8374,8474,8123,8354,8657,8694,8583,8613,8453,8558,8761,8879
2023-08-23,8821,8697,8540,7571,8172,8680,8686,8934,8718,8436,7855,8258,7918,7607,6809,6762,7140,7878,8342,8482,8478,8166,8722,8977
2023-08-24,8644,8676,8793,8456,8617,8436,8339,8448,8517,8086,8014,8487,8876,8570,8134,8159,8298,8514,8695,8689,8429,8317,8639,8785
2023-08-25,8443,7380,7862,8146,8173,7928,7612,7638,7892,7675,7923,8157,8779,8223,7985,7808,8252,8085,8356,8154,8254,7936,8159,8138
2023-08-26,7986,8082,7891,8049,8135,7880,7651,7994,8051,7501,7446,7514,7783,7916,7323,7254,7850,8227,8169,7891,7919,8148,7944,7837
2023-08-27,7950,7655,7827,8066,8062,8036,8196,8498,8275,8020,8011,8416,8653,8480,8052,8185,8302,8506,8628,8900,8715,8764,8917,9063
2023-08-28,8872,8912,8826,9096,8768,8833,8770,8328,8435,8640,8734,8763,9014,8302,8375,8151,8182,8805,8655,8738,8658,8638,8234,8253
2023-08-29,8060,7817,7668,7817,7479,8031,8340,8174,8121,7917,7691,7144,7089,7508,7481,8118,8178,8368,8315,8238,8229,7658,8134,7798
2023-08-30,8230,8090,8417,8294,8375,8025,7355,7727,7788,7863,7290,6909,7249,7500,7671,7874,7709,7373,7639,7698,6590,6182,6526,6771
2023-08-31,6456,6219,6366,6162,5844,6746,6617,6218,6907,6872,7071,7274,7525,7356,7457,7128,7731,7782,7938,8149,8088,8352,8183,7876
2023-09-01,8277,8233,8190,8196,8254,8069,8002,8159,7627,7148,7710,8080,8478,8165,7805,7885,7989,8850,8410,8588,8782,8292,8779,8950
2023-09-02,8640,8542,8994,9090,8403,8601,8066,8967,8846,8337,8180,8974,8800,8754,8024,7783,8220,8707,8779,8957,8959,8751,8527,8466
2023-09-03,8564,8935,8931,9050,8544,8243,8540,8525,8541,8270,8478,8489,8339,7938,7611,7423,7975,8888,9109,8836,8739,8382,8722,9012
2023-09-04,9020,9197,9037,8691,8575,8756,8838,8752,8395,8722,8330,8959,9302,8942,8684,8560,8477,8524,8278,8272,8564,8560,8391,8352
2023-09-05,8097,8641,8010,8645,8625,7976,8209,8302,8032,8378,7674,8356,8875,8493,8071,8110,8082,8340,8838,8603,8837,8757,8411,7733
2023-09-06,8334,8690,8912,8645,8624,8858,8738,8791,8663,8696,8417,8955,9008,8701,7884,7782,8411,8643,8527,8074,7910,8074,8214,7751
2023-09-07,8019,8458,8646,8784,8521,8176,8196,8639,8411,8398,8381,8291,8346,8519,8100,6968,7792,7949,8134,8247,8422,8180,8163,8167
2023-09-08,8262,8277,8199,7726,7275,7199,7774,8186,8058,7509,7811,8161,7862,7148,7482,7547,7029,7462,7836,7590,7452,7333,7570,7491
2023-09-09,7567,7571,7704,7838,7550,7283,7753,7638,7368,7257,7569,7987,7871,7668,7254,6337,7337,7919,8016,7884,7596,7801,7240,7199
2023-09-10,7906,7880,8096,8055,7914,7980,7956,8117,7885,7499,7776,8117,7935,7567,7742,7527,7832,8369,8173,8255,8133,8106,8185,7805
2023-09-11,8020,7948,8179,8300,8008,7847,7981,7951,7841,7723,7982,8400,8303,8060,7929,7599,7626,8094,7940,8007,7905,7766,7735,7409
2023-09-12,7822,7839,7612,7615,7137,7166,7515,7724,7752,8052,8720,9333,8886,8766,8221,7906,8615,8961,9000,8889,8896,8771,8800,8640
2023-09-13,8597,8898,8926,9098,8970,8995,8741,8785,8433,8381,8457,8689,9150,8829,8547,8060,8517,8694,8250,8658,8836,8514,8211,8215
2023-09-14,8198,8701,8450,7476,7799,8271,8117,8093,7845,7497,8047,8562,8508,8629,8074,8635,8761,8886,8891,8959,8974,8669,8676,8302
2023-09-15,8598,8860,8707,8995,8659,8655,8551,8677,8744,8500,8641,9085,9223,8786,8124,7774,8362,8552,8155,8665,8596,8818,8273,8525
2023-09-16,8784,8692,8596,8361,8371,8280,8303,8408,8189,7486,7975,8434,8262,8290,7826,7776,8426,8694,8843,8626,8589,8641,8515,8118
2023-09-17,8493,8546,8632,8584,8306,8685,8511,8422,8342,7894,8091,8756,8538,8246,7817,7629,8173,8629,8486,8324,7936,8208,8390,8201
2023-09-18,8709,8522,8634,8578,8480,8448,8427,8690,8102,7459,7396,7601,7718,7518,6809,6933,7565,7525,7626,7929,7898,7837,8140,7710
2023-09-19,7994,7987,8070,8115,7663,7764,7917,8164,7998,7783,7870,8206,8344,7822,7311,7474,7522,8158,7254,7327,7087,6971,6848,7300
2023-09-20,7422,7485,7372,7657,7570,7630,7479,7638,7255,7328,7169,7326,7446,7599,7206,6834,6742,7085,7515,6964,6959,7275,7176,6982
2023-09-21,6947,7316,7705,5809,7489,7418,7446,7437,7053,7070,6925,7286,7240,6947,6718,6574,5018,6951,7094,7430,7549,6978,6536,6844
2023-09-22,6857,6578,6043,3668,2264,2152,2112,1818,1753,1842,1739,1716,1691,1721,1716,1716,1701,1626,1434,1376,1334,1260,1225,1204
2023-09-23,1203,1204,1228,1200,1187,1193,1187,1187,1222,1312,1418,1272,1284,1300,1387,1371,1404,1304,1224,1145,1170,1146,1129,1130
2023-09-24,1121,1120,1095,1104,1109,1122,1115,1134,1176,1298,1344,1337,1314,1357,1325,1403,1337,1252,1234,1224,1206,1170,1160,1140
2023-09-25,1130,1137,1152,1163,1134,1143,1137,1163,1318,1495,1669,1714,1774,1887,1942,1914,1760,1691,1692,1307,1272,1226,1207,1215
2023-09-26,1227,1196,1190,1195,1194,1168,1196,1230,1533,1611,1792,1788,1766,1782,1912,2177,2250,1740,1584,1436,1368,1306,1260,1244
2023-09-27,1223,1210,1152,1185,1194,1184,1191,1236,1311,723,633,437,489,1030,1278,1312,1727,1657,1630,1502,1328,1065,1021,1006
2023-09-28,991,994,998,975,979,989,979,1026,1059,1250,1296,1305,1343,1410,1403,1225,1003,974,944,901,894,902,922,908
2023-09-29,903,894,898,875,859,857,858,878,908,930,977,984,993,990,1037,983,985,995,949,893,880,844,841,840
2023-09-30,822,833,825,835,862,865,847,839,833,761,725,740,747,746,735,749,748,736,730,733,739,734,739,741
